[
  {
    "Id": "0",
    "Name": "example",
    "DevelopmentStatus": "Planning",
    "Description": "example",
    "ReleasedDatge": "0001-01-01T00:00:00",
    "ModifiedDate": "2011-10-30T22:51:07.203-07:00",
    "Files": [
      {
        "Id": "b0755f70-53c2-4f32-b6ac-2c82f075933a",
        "FileName": "SpeechToTextAPI.rar",
        "Url": "./0/b0755f70-53c2-4f32-b6ac-2c82f075933a",
        "Type": "Example",
        "UploadDate": "2011-10-30T22:51:07.157-07:00"
      }
    ]
  },
  {
    "Id": "1",
    "Name": "_example_",
    "DevelopmentStatus": "Alpha",
    "Description": "example",
    "ReleasedDatge": "0001-01-01T00:00:00",
    "ModifiedDate": "2011-10-30T22:52:54.55-07:00",
    "Files": [
      {
        "Id": "1ef428ac-10f0-4512-8c56-72b46fb19fa6",
        "FileName": "SpeechToTextAPI.rar",
        "Url": "./1/1ef428ac-10f0-4512-8c56-72b46fb19fa6",
        "Type": "Example",
        "UploadDate": "2011-10-30T22:52:54.347-07:00"
      }
    ]
  }
]